Entropia,Entropia Maxima
0.24694440448525115,12.715961990255144