Entropia,Entropia Maxima
0.708577974718,14.8576408801